<?xml version="1.0"?>

<recovery>
    <details>
        <resolution width="480" height="800" />
        <author>Agrabren</author>
        <title>ET4G</title>
        <description>Default Theme</description>
        <preview>preview.jpg</preview>
    </details>

    <resources>
        <resource name="font" type="font" filename="Roboto-Regular-20" />
		<resource name="condensedfont" type="font" filename="Roboto-Condensed-25" />

        <resource name="background" type="image" filename="background" />
        <resource name="back" type="image" filename="ic_sysbar_back" />
        <resource name="home" type="image" filename="ic_sysbar_home" />

        <resource name="button_160" type="image" filename="transp_button_160" />

        <resource name="install" type="image" filename="install" />
        <resource name="wipe" type="image" filename="wipe" />
        <resource name="backup" type="image" filename="backup" />
        <resource name="restore" type="image" filename="restore" />
        <resource name="mount" type="image" filename="mount" />
        <resource name="reboot" type="image" filename="reboot" />
        <resource name="settings" type="image" filename="settings" />
        <resource name="advanced" type="image" filename="advanced" />

    </resources>

	<variables>
		<variable name="title" value="Recovery" />
        <variable name="back_allowed" value="0" />

        <variable name="col1_x" value="50" />
        <variable name="col2_x" value="270" />
        <variable name="col_center_x" value="143" />
        <variable name="row1_y" value="50" />
        <variable name="row2_y" value="215" />
        <variable name="row3_y" value="380" />
        <variable name="row4_y" value="545" />

        <variable name="col_progressbar_x" value="144" />
        <variable name="row_progressbar_y" value="840" />
        <variable name="col1_medium_x" value="10" />
        <variable name="col2_medium_x" value="145" />
        <variable name="col3_medium_x" value="280" />
        <variable name="col4_medium_x" value="415" />
        <variable name="row1_medium_y" value="130" />
        <variable name="row2_medium_y" value="230" />
        <variable name="row3_medium_y" value="330" />
        <variable name="row4_medium_y" value="430" />
        <variable name="row5_medium_y" value="530" />
        <variable name="row6_medium_y" value="630" />
        <variable name="row7_medium_y" value="730" />
        <variable name="button_text_color" value="#000000" />
        <variable name="text_color" value="#FFFFFF" />
    </variables>

    <templates>
        <template name="status_bar">
            <object type="fill" color="black">
                <placement x="0" y="0" w="480" h="40" />
            </object>

    		<object type="text">
    			<placement x="75" y="20" placement="4" />
    			<font resource="font" color="white" />
    			<text>%tw_time%</text>
    		</object>

            <object type="text">
                <placement x="240" y="20" placement="4" />
                <font resource="font" color="white" />
                <text>%title%</text>
            </object>

            <object type="text">
                <placement x="450" y="20" placement="4" />
                <font resource="font" color="white" />
                <conditions>
                    <condition var1="tw_battery" op=">" var2="0" />
                    <condition var1="tw_battery" op="&lt;" var2="100" />
                </conditions>
                <text>%tw_battery%</text>
            </object>
        </template>

        <template name="navigation">
            <object type="fill" color="black">
                <placement x="0" y="727" w="480" h="72" />
            </object>

            <object type="button">
                <placement x="180" y="728" />
                <image resource="home" />
                <condition var1="tw_busy" var2="0" />
                <action function="key">home</action>
            </object>

            <object type="button">
                <placement x="10" y="728" />
                <image resource="back" />
                <conditions>
                    <condition var1="tw_busy" var2="0" />
                    <condition var1="back_allowed" var2="1" />
                </conditions>
                <action function="key">back</action>
            </object>
        </template>
    </templates>

    <pages>
        <page name="main">
            <background color="black" />

            <object type="action">
                <actions>
                    <action function="set">title=Recovery</action>
                    <action function="set">back_allowed=0</action>
                </actions>
            </object>

            <object type="image">
                <image resource="background" />
                <placement x="0" y="0" />
            </object>

            <object type="template" name="status_bar" />

            <object type="button">
                <placement x="%col1_x%" y="%row1_y%" />
                <font resource="font" color="white" />
                <text>Install</text>
                <icon resource="install" />
                <image resource="button_160" />
                <action function="page">install</action>
            </object>

            <object type="button">
                <placement x="col2_x" y="%row1_y%" />
                <font resource="font" color="white" />
                <text>Wipe</text>
                <icon resource="wipe" />
                <image resource="button_160" />
                <action function="page">wipe</action>
            </object>

            <object type="button">
                <placement x="%col1_x%" y="%row2_y%" />
                <font resource="font" color="white" />
                <text>Backup</text>
                <icon resource="backup" />
                <image resource="button_160" />
                <action function="page">backup</action>
            </object>

            <object type="button">
                <placement x="%col2_x%" y="%row2_y%" />
                <font resource="font" color="white" />
                <text>Restore</text>
                <icon resource="restore" />
                <image resource="button_160" />
                <action function="page">restore</action>
            </object>

            <object type="button">
                <placement x="%col1_x%" y="%row3_y%" />
                <font resource="font" color="white" />
                <text>Mount</text>
                <icon resource="mount" />
                <image resource="button_160" />
                <action function="page">mount</action>
            </object>

            <object type="button">
                <placement x="%col2_x%" y="%row3_y%" />
                <font resource="font" color="white" />
                <text>Settings</text>
                <icon resource="settings" />
                <image resource="button_160" />
                <action function="page">settings</action>
            </object>

            <object type="button">
                <placement x="%col1_x%" y="%row4_y%" />
                <font resource="font" color="white" />
                <text>Advanced</text>
                <icon resource="advanced" />
                <image resource="button_160" />
                <action function="page">advanced</action>
            </object>
			
			<object type="button">
                <placement x="%col2_x%" y="%row4_y%" />
                <font resource="font" color="white" />
                <text>Reboot</text>
                <icon resource="reboot" />
                <image resource="button_160" />
                <action function="page">reboot</action>
            </object>

			<object type="template" name="navigation" />
        </page>

        <page name="install">
            <background color="black" />

            <object type="action">
                <actions>
                    <action function="set">title=Install</action>
                    <action function="set">back_allowed=1</action>
                </actions>
            </object>

            <object type="template" name="status_bar" />

            <object type="fileselector">
                <placement x="5" y="%row1_y%" w="470" h="560" />
                <icon folder="folder_icon" file="file_icon" />
                <background color="#303030" />
                <font resource="font" spacing="14" color="%text_color%" />
                <filter extn=".zip" folders="1" files="1" />
                <path name="tw_zip_location" default="/sdcard" />
                <data name="tw_filename" />
            </object>
			
			<object type="text" color="%text_color%">
                <font resource="font" />
                <placement x="%col1_x%" y="700" />
                <text>Sort Ascending:</text>
            </object>
			
			<object type="button">
                <placement x="200" y="690" />
                <font resource="UItext" color="%button_text_color%" />
                <text>Name</text>
                <image resource="sort_button" />
                <action function="set">tw_gui_sort_order=1</action>
            </object>
			
			<object type="button">
                <placement x="280" y="690" />
                <font resource="UItext" color="%button_text_color%" />
                <text>Date</text>
                <image resource="sort_button" />
                <action function="set">tw_gui_sort_order=2</action>
            </object>
			
			<object type="button">
                <placement x="360" y="690" />
                <font resource="UItext" color="%button_text_color%" />
                <text>Size</text>
                <image resource="sort_button" />
                <action function="set">tw_gui_sort_order=3</action>
            </object>
			
			<object type="text" color="%text_color%">
                <font resource="font" />
                <placement x="%col1_x%" y="740" />
                <text>Sort Descending:</text>
            </object>
			
			<object type="button">
                <placement x="200" y="730" />
                <font resource="UItext" color="%button_text_color%" />
                <text>Name</text>
                <image resource="sort_button" />
                <action function="set">tw_gui_sort_order=-1</action>
            </object>
			
			<object type="button">
                <placement x="280" y="730" />
                <font resource="UItext" color="%button_text_color%" />
                <text>Date</text>
                <image resource="sort_button" />
                <action function="set">tw_gui_sort_order=-2</action>
            </object>
			
			<object type="button">
                <placement x="360" y="730" />
                <font resource="UItext" color="%button_text_color%" />
                <text>Size</text>
                <image resource="sort_button" />
                <action function="set">tw_gui_sort_order=-3</action>
			</object>

            <object type="action">
                <condition var1="tw_filename" op="modified" />
                <action function="page">flash_confirm</action>
            </object>

            <object type="action">
                <touch key="back" />
                <action function="page">main</action>
            </object>

            <object type="action">
                <touch key="home" />
                <action function="page">main</action>
            </object>
        
            <object type="template" name="navigation" />
        </page>

        <page name="flash_confirm">
            <background color="black" />

            <object type="action">
                <actions>
                    <action function="set">title=Install</action>
                    <action function="set">back_allowed=1</action>
                </actions>
            </object>

            <object type="template" name="status_bar" />

            <object type="text" color="%text_color%">
                <font resource="font" />
                <placement x="%col1_x%" y="%row1_y%" />
                <text>WARNING: This operation may install incompatible</text>
            </object>

            <object type="text" color="%text_color%">
                <font resource="font" />
                <placement x="%col1_x%" y="145" />
                <text>software and render your device unusable.</text>
            </object>
			
			<object type="checkbox">
                <placement x="%col1_x%" y="180" />
                <font resource="font" color="%text_color%" />
                <text>Zip file signature verification?</text>
                <data variable="tw_signed_zip_verify" />
                <image checked="checkbox_true" unchecked="checkbox_false" />
            </object>
			
			<object type="checkbox">
                <placement x="%col1_x%" y="220" />
                <font resource="font" color="%text_color%" />
                <text>Force MD5 check on all zips?</text>
                <data variable="tw_force_md5_check" />
                <image checked="checkbox_true" unchecked="checkbox_false" />
            </object>
			
            <object type="text" color="%text_color%">
                <font resource="font" />
                <placement x="%col1_x%" y="400" />
                <text>File to flash: %tw_filename%</text>
            </object>

            <object type="button">
                <placement x="%col_center_x%" y="550" />
                <font resource="font" color="%button_text_color%" />
                <text>Flash now</text>
                <image resource="main_button" />
                <action function="flash">flash_zip</action>
            </object>

            <object type="action">
                <touch key="back" />
                <action function="page">install</action>
            </object>

            <object type="action">
                <touch key="home" />
                <action function="page">main</action>
            </object>
                
            <object type="template" name="navigation" />
        </page>

        <page name="flash_zip">
            <object type="action">
                <actions>
                    <action function="set">title=Installing</action>
                    <action function="set">back_allowed=0</action>
                </actions>
            </object>

            <object type="template" name="status_bar" />


            <object type="console">
                <placement x="0" y="%row1_y%" w="480" h="590" />
                <color foreground="#A0A0A0" background="#303030" scroll="#303030" />
                <font resource="fixed" />
            </object>

            <object type="progressbar">
                <placement x="%col_progressbar_x%" y="%row_progressbar_y%" />
                <resource  empty="progress_empty" full="progress_full" />
                <data name="ui_progress" />
            </object>

            <object type="animation">
                <placement x="%col_progressbar_x%" y="%row_progressbar_y%" />
                <resource name="progress" />
                <speed fps="15" render="2" />
                <loop frame="1" />
            </object>

            <object type="action">
                <condition var1="tw_operation_state" var2="1" />
                <action function="page">flash_done</action>
            </object>
                        
            <object type="template" name="navigation" />
        </page>

        <page name="flash_done">
            <object type="action">
                <actions>
                    <action function="set">title=Install</action>
                    <action function="set">back_allowed=0</action>
                </actions>
            </object>

            <object type="template" name="status_bar" />

            <object type="console">
                <placement x="0" y="%row1_y%" w="480" h="360" />
                <color foreground="#A0A0A0" background="#303030" scroll="#303030" />
                <font resource="fixed" />
            </object>
			
			<object type="button">
                <placement x="%col1_x%" y="480" />
                <font resource="font" color="%button_text_color%" />
                <text>Wipe cache/dalvik</text>
                <image resource="main_button" />
                <action function="page">wipe_install_cachedalvik</action>
            </object>
			
			<object type="button">
                <placement x="%col2_x%" y="480" />
                <font resource="font" color="%button_text_color%" />
                <text>Reboot System</text>
                <image resource="main_button" />
                <action function="reboot">system</action>
            </object>
			
            <object type="button">
                <placement x="%col_center_x%" y="620" />
                <font resource="font" color="%button_text_color%" />
                <text>Main Menu</text>
                <image resource="main_button" />
                <action function="page">main</action>
            </object>
                        
            <object type="template" name="navigation" />
        </page>
		
		<page name="wipe_install_cachedalvik">
            <object type="action">
                <actions>
                    <action function="set">title=Wiping...</action>
                    <action function="set">back_allowed=0</action>
                </actions>
            </object>

            <object type="template" name="status_bar" />
			
			<object type="text" color="%text_color%">
                <font resource="font" />
                <placement x="%col_textcenter_x%" y="440" placement="4" />
                <text>Wiping cache...</text>
            </object>
			
            <object type="animation">
                <placement x="%col_progressbar_x%" y="470" />
                <resource name="progress" />
                <speed fps="15" render="2" />
                <loop frame="1" />
            </object>

            <object type="action">
                <condition var1="tw_operation_state" var2="1" />
                <action function="page">wipe_installdone</action>
            </object>

            <object type="action">
				<actions>
					<action function="wipe">/cache</action>
					<action function="wipe">dalvik</action>
				</actions>
            </object>
                        
            <object type="template" name="navigation" />
        </page>
		
		<page name="wipe_installdone">
            <object type="action">
                <actions>
                    <action function="set">title=Wipe</action>
                    <action function="set">back_allowed=0</action>
                </actions>
            </object>

            <object type="template" name="status_bar" />

            <object type="text" color="%text_color%">
                <font resource="font" />
                <placement x="%col_textcenter_x%" y="540" placement="4" />
                <text>Wipe complete</text>
            </object>

            <object type="button">
                <placement x="%col_center_x%" y="550" />
                <font resource="font" color="%button_text_color%" />
                <text>Home</text>
                <image resource="main_button" />
                <action function="page">flash_done</action>
            </object>

            <object type="action">
                <touch key="home" />
                <action function="page">main</action>
            </object>

            <object type="action">
                <touch key="back" />
                <action function="page">flash_done</action>
            </object>
                        
            <object type="template" name="navigation" />
        </page>

        <page name="wipe">
            <object type="action">
                <actions>
                    <action function="set">title=Wipe</action>
                    <action function="set">back_allowed=1</action>
                </actions>
            </object>

            <object type="template" name="status_bar" />

            <object type="button">
                <placement x="%col1_x%" y="%row1_y%" />
                <font resource="font" color="%button_text_color%" />
                <text>Cache</text>
                <image resource="main_button" />
                <actions>
                    <action function="set">wipe=/cache</action>
                    <action function="page">wipe_confirm</action>
                </actions>
            </object>

            <object type="button">
                <placement x="%col2_x%" y="%row1_y%" />
                <font resource="font" color="%button_text_color%" />
                <text>Dalvik Cache</text>
                <image resource="main_button" />
                <actions>
                    <action function="set">wipe=dalvik</action>
                    <action function="page">wipe_confirm</action>
                </actions>
            </object>

            <object type="button">
                <placement x="%col1_x%" y="%row2_y%" />
                <font resource="font" color="%button_text_color%" />
                <text>Factory Reset</text>
                <image resource="main_button" />
                <actions>
                    <action function="set">wipe=data</action>
                    <action function="page">wipe_confirm</action>
                </actions>
            </object>

            <object type="button">
                <placement x="%col2_x%" y="%row2_y%" />
                <font resource="font" color="%button_text_color%" />
                <text>Battery Stats</text>
                <image resource="main_button" />
                <actions>
                    <action function="set">wipe=battery</action>
                    <action function="page">wipe_confirm</action>
                </actions>
            </object>

            <object type="button">
                <placement x="%col1_x%" y="%row3_y%" />
                <font resource="font" color="%button_text_color%" />
                <text>Rotation</text>
                <image resource="main_button" />
                <actions>
                    <action function="set">wipe=rotate</action>
                    <action function="page">wipe_confirm</action>
                </actions>
            </object>
			
			<object type="button">
                <placement x="%col2_x%" y="%row3_y%" />
                <font resource="font" color="%button_text_color%" />
                <text>System</text>
                <image resource="main_button" />
                <actions>
                    <action function="set">wipe=/system</action>
                    <action function="page">wipe_confirm</action>
                </actions>
            </object>
			
			<object type="button">
                <placement x="%col1_x%" y="%row4_y%" />
                <font resource="font" color="%button_text_color%" />
                <text>SD Card</text>
                <image resource="main_button" />
                <actions>
                    <action function="set">wipe=/sdcard</action>
                    <action function="page">wipe_confirm</action>
                </actions>
            </object>
			
			<object type="button">
                <placement x="%col2_x%" y="%row4_y%" />
                <font resource="font" color="%button_text_color%" />
                <text>SD Ext</text>
                <image resource="main_button" />
                <actions>
                    <action function="set">wipe=/sd-ext</action>
                    <action function="page">wipe_confirm</action>
                </actions>
            </object>

            <object type="action">
                <touch key="home" />
                <action function="page">main</action>
            </object>

            <object type="action">
                <touch key="back" />
                <action function="page">main</action>
            </object>
                        
            <object type="template" name="navigation" />
        </page>
		
		<page name="wipe_confirm">
            <object type="action">
                <actions>
                    <action function="set">title=Wipe</action>
                    <action function="set">back_allowed=1</action>
                </actions>
            </object>

            <object type="template" name="status_bar" />

            <object type="text" color="%text_color%">
                <font resource="font" />
                <placement x="%col_textcenter_x%" y="490" placement="4" />
                <text>Wipe %wipe%?</text>
            </object>

            <object type="text" color="%text_color%">
                <font resource="font" />
                <placement x="%col_textcenter_x%" y="520" placement="4" />
                <text>Press back button to cancel.</text>
            </object>

            <object type="button">
                <placement x="%col_center_x%" y="550" />
                <font resource="font" color="%button_text_color%" />
                <text>Wipe %wipe%!</text>
                <image resource="main_button" />
                <action function="page">wipe_doit</action>
            </object>

            <object type="action">
                <touch key="back" />
                <action function="page">wipe</action>
            </object>

            <object type="action">
                <touch key="home" />
                <action function="page">main</action>
            </object>
                
            <object type="template" name="navigation" />
        </page>
		
        <page name="wipe_doit">
            <object type="action">
                <actions>
                    <action function="set">title=Wiping...</action>
                    <action function="set">back_allowed=0</action>
                </actions>
            </object>

            <object type="template" name="status_bar" />

			<object type="text" color="%text_color%">
                <font resource="font" />
                <placement x="%col_textcenter_x%" y="440" placement="4" />
                <text>Wiping %wipe%...</text>
            </object>
			
            <object type="animation">
                <placement x="%col_progressbar_x%" y="470" />
                <resource name="progress" />
                <speed fps="15" render="2" />
                <loop frame="1" />
            </object>

            <object type="action">
                <condition var1="tw_operation_state" var2="1" />
                <action function="page">wipe</action>
            </object>

            <object type="action">
                <action function="wipe">%wipe%</action>
            </object>
                        
            <object type="template" name="navigation" />
        </page>
		
        <page name="backup">
            <object type="action">
                <actions>
                    <action function="set">title=Backup</action>
                    <action function="set">back_allowed=1</action>
                </actions>
            </object>

            <object type="template" name="status_bar" />

            <object type="button">
                <placement x="%col1_x%" y="%row1_y%" />
                <font resource="font" color="%button_text_color%" />
                <text>Backup now</text>
                <image resource="main_button" />
                <action function="page">backup_run</action>
            </object>

            <object type="checkbox">
                <placement x="%col1_x%" y="285" />
                <font resource="font" color="%text_color%" />
                <text>System</text>
                <data variable="tw_backup_system" />
                <image checked="checkbox_true" unchecked="checkbox_false" />
            </object>

            <object type="checkbox">
                <placement x="%col1_x%" y="325" />
                <font resource="font" color="%text_color%" />
                <text>Data</text>
                <data variable="tw_backup_data" />
                <image checked="checkbox_true" unchecked="checkbox_false" />
            </object>

            <object type="checkbox">
                <placement x="%col1_x%" y="365" />
                <font resource="font" color="%text_color%" />
                <text>Boot</text>
                <data variable="tw_backup_boot" />
                <image checked="checkbox_true" unchecked="checkbox_false" />
            </object>

            <object type="checkbox">
                <placement x="%col1_x%" y="405" />
                <font resource="font" color="%text_color%" />
                <text>Recovery</text>
                <data variable="tw_backup_recovery" />
                <image checked="checkbox_true" unchecked="checkbox_false" />
            </object>

            <object type="checkbox">
                <placement x="%col1_x%" y="445" />
                <font resource="font" color="%text_color%" />
                <text>Cache</text>
                <data variable="tw_backup_cache" />
                <image checked="checkbox_true" unchecked="checkbox_false" />
            </object>
			
            <object type="checkbox">
                <placement x="%col1_x%" y="485" />
                <font resource="font" color="%text_color%" />
                <text>.android_secure</text>
                <condition var1="fileexists" var2="/sdcard/.android_secure" />
                <data variable="tw_backup_andsec" />
                <image checked="checkbox_true" unchecked="checkbox_false" />
            </object>

            <object type="checkbox">
                <placement x="%col1_x%" y="525" />
                <font resource="font" color="%text_color%" />
                <text>sd-ext</text>
                <condition var1="fileexists" var2="/sd-ext" />
                <data variable="tw_backup_sdext" />
                <image checked="checkbox_true" unchecked="checkbox_false" />
            </object>
			
			<object type="checkbox">
				<condition var1="tw_sp1_name" op=">" var2="" />
                <placement x="%col1_x%" y="565" />
                <font resource="font" color="%text_color%" />
                <text>%tw_sp1_name%</text>
                <data variable="tw_backup_sp1" />
                <image checked="checkbox_true" unchecked="checkbox_false" />
            </object>
			
			<object type="checkbox">
				<condition var1="tw_sp2_name" op=">" var2="" />
                <placement x="%col1_x%" y="605" />
                <font resource="font" color="%text_color%" />
                <text>%tw_sp2_name%</text>
                <data variable="tw_backup_sp2" />
                <image checked="checkbox_true" unchecked="checkbox_false" />
            </object>
			
			<object type="checkbox">
				<condition var1="tw_sp3_name" op=">" var2="" />
                <placement x="%col1_x%" y="645" />
                <font resource="font" color="%text_color%" />
                <text>%tw_sp3_name%</text>
                <data variable="tw_backup_sp3" />
                <image checked="checkbox_true" unchecked="checkbox_false" />
            </object>

            <object type="checkbox">
                <placement x="%col1_x%" y="685" />
                <font resource="font" color="%text_color%" />
                <text>Enable Compression (Requires more time)</text>
                <data variable="tw_use_compression" />
                <image checked="checkbox_true" unchecked="checkbox_false" />
            </object>
			
			<object type="checkbox">
                <placement x="%col1_x%" y="725" />
                <font resource="font" color="%text_color%" />
                <text>Skip MD5 generation on backups</text>
                <data variable="tw_skip_md5_generate" />
                <image checked="checkbox_true" unchecked="checkbox_false" />
            </object>

            <object type="action">
                <touch key="home" />
                <action function="page">main</action>
            </object>

            <object type="action">
                <touch key="back" />
                <action function="page">main</action>
            </object>
                        
            <object type="template" name="navigation" />
        </page>

        <page name="backup_run">
            <object type="template" name="status_bar" />

            <object type="text" color="%text_color%">
                <font resource="font" />
                <placement x="%col_textcenter_x%" y="440" placement="4" />
                <text>%tw_operation% %tw_partition%</text>
            </object>

            <object type="progressbar">
                <placement x="%col_progressbar_x%" y="470" />
                <resource  empty="progress_empty" full="progress_full" />
                <data name="ui_progress" />
            </object>

            <object type="animation">
                <placement x="%col_progressbar_x%" y="470" />
                <resource name="progress" />
                <speed fps="15" render="2" />
                <loop frame="1" />
            </object>

            <object type="action">
                <condition var1="tw_operation_state" var2="1" />
                <action function="page">backup_done</action>
            </object>

            <object type="action">
                <action function="nandroid">backup</action>
            </object>
                        
            <object type="template" name="navigation" />
        </page>

        <page name="backup_done">
            <object type="action">
                <condition var1="tw_operation_status" var2="0" />
                <action function="page">backup_success</action>
            </object>

            <object type="action">
                <condition var1="tw_operation_status" var2="1" />
                <action function="page">backup_failed</action>
            </object>
        </page>

        <page name="backup_success">
            <object type="template" name="status_bar" />

            <object type="text" color="%text_color%">
                <font resource="font" />
                <placement x="%col_textcenter_x%" y="445" placement="4" />
                <text>Your backup was successful!</text>
            </object>

            <object type="button">
                <placement x="%col_center_x%" y="570" />
                <font resource="font" color="%button_text_color%" />
                <text>Main Menu</text>
                <image resource="main_button" />
                <action function="page">main</action>
            </object>
			<object type="action">
                <touch key="home" />
                <action function="page">main</action>
            </object>

            <object type="action">
                <touch key="back" />
                <action function="page">backup</action>
            </object>
                        
            <object type="template" name="navigation" />
        </page>

        <page name="backup_failed">
            <object type="template" name="status_bar" />

            <object type="text" color="%text_color%">
                <font resource="font" />
                <placement x="%col_textcenter_x%" y="445" placement="4" />
                <text>Your backup failed.</text>
            </object>

            <object type="text" color="%text_color%">
                <font resource="font" />
                <placement x="%col_textcenter_x%" y="475" placement="4" />
                <text>Pull up the console for more details</text>
            </object>

            <object type="button">
                <placement x="%col_center_x%" y="570" />
                <font resource="font" color="%button_text_color%" />
                <text>Main Menu</text>
                <image resource="main_button" />
                <action function="page">main</action>
            </object>
			
			<object type="action">
                <touch key="home" />
                <action function="page">main</action>
            </object>

            <object type="action">
                <touch key="back" />
                <action function="page">backup</action>
            </object>
                        
            <object type="template" name="navigation" />
        </page>

        <page name="restore">
            <object type="template" name="status_bar" />

            <object type="text" color="%text_color%">
                <font resource="font" />
                <placement x="%col1_x%" y="%row1_y%" />
                <text>Select packge to restore</text>
            </object>

            <object type="fileselector">
                <placement x="5" y="140" w="470" h="620" />
                <icon folder="folder_icon" file="file_icon" />
                <background color="#303030" />
                <font resource="filelist" spacing="18" color="%text_color%" />
                <filter folders="1" files="0" nav="0" />
                <path name="tw_backups_folder" />
                <data name="tw_restore" default="" />
            </object>

            <object type="action">
                <condition var1="tw_restore" op="modified" />
                <action function="page">restore_setrestoredata</action>
            </object>

            <object type="action">
                <touch key="home" />
                <action function="page">main</action>
            </object>

            <object type="action">
                <touch key="back" />
                <action function="page">main</action>
            </object>
                        
            <object type="template" name="navigation" />
        </page>

        <page name="restore_setrestoredata">
            <object type="action">
                <action function="readBackup"></action>
            </object>

            <object type="action">
                <action function="page">restore_select</action>
            </object>
        </page>

        <page name="restore_select">
            <object type="template" name="status_bar" />

            <object type="button">
                <placement x="%col1_x%" y="%row1_y%" />
                <font resource="font" color="%button_text_color%" />
                <text>Restore  now</text>
                <image resource="main_button" />
                <action function="page">restore_run</action>
            </object>

            <object type="checkbox">
                <placement x="%col1_x%" y="285" />
                <font resource="font" color="%text_color%" />
                <text>System</text>
                <condition var1="tw_restore_system" op=">=" var2="0" />
                <data variable="tw_restore_system" />
                <image checked="checkbox_true" unchecked="checkbox_false" />
            </object>

            <object type="checkbox">
                <placement x="%col1_x%" y="325" />
                <font resource="font" color="%text_color%" />
                <text>Data</text>
                <condition var1="tw_restore_data" op=">=" var2="0" />
                <data variable="tw_restore_data" />
                <image checked="checkbox_true" unchecked="checkbox_false" />
            </object>

            <object type="checkbox">
                <placement x="%col1_x%" y="365" />
                <font resource="font" color="%text_color%" />
                <text>Boot</text>
                <condition var1="tw_restore_boot" op=">=" var2="0" />
                <data variable="tw_restore_boot" />
                <image checked="checkbox_true" unchecked="checkbox_false" />
            </object>

            <object type="checkbox">
                <placement x="%col1_x%" y="405" />
                <font resource="font" color="%text_color%" />
                <text>Recovery</text>
                <condition var1="tw_restore_recovery" op=">=" var2="0" />
                <data variable="tw_restore_recovery" />
                <image checked="checkbox_true" unchecked="checkbox_false" />
            </object>

            <object type="checkbox">
                <placement x="%col1_x%" y="445" />
                <font resource="font" color="%text_color%" />
                <text>Cache</text>
                <condition var1="tw_restore_cache" op=">=" var2="0" />
                <data variable="tw_restore_cache" />
                <image checked="checkbox_true" unchecked="checkbox_false" />
            </object>
			
            <object type="checkbox">
                <placement x="%col1_x%" y="485" />
                <font resource="font" color="%text_color%" />
                <text>.android_secure</text>
                <condition var1="tw_restore_andsec" op=">=" var2="0" />
                <data variable="tw_restore_andsec" />
                <image checked="checkbox_true" unchecked="checkbox_false" />
            </object>

            <object type="checkbox">
                <placement x="%col1_x%" y="525" />
                <font resource="font" color="%text_color%" />
                <text>sd-ext</text>
                <condition var1="tw_restore_sdext" op=">=" var2="0" />
                <data variable="tw_restore_sdext" />
                <image checked="checkbox_true" unchecked="checkbox_false" />
            </object>
			
			<object type="checkbox">
                <placement x="%col1_x%" y="565" />
                <font resource="font" color="%text_color%" />
                <text>%tw_sp1_name%</text>
                <condition var1="tw_restore_sp1" op=">=" var2="0" />
                <data variable="tw_restore_sp1" />
                <image checked="checkbox_true" unchecked="checkbox_false" />
            </object>
			
			<object type="checkbox">
                <placement x="%col1_x%" y="605" />
                <font resource="font" color="%text_color%" />
                <text>%tw_sp2_name%</text>
                <condition var1="tw_restore_sp2" op=">=" var2="0" />
                <data variable="tw_restore_sp2" />
                <image checked="checkbox_true" unchecked="checkbox_false" />
            </object>
			
			<object type="checkbox">
                <placement x="%col1_x%" y="645" />
                <font resource="font" color="%text_color%" />
                <text>%tw_sp3_name%</text>
                <condition var1="tw_restore_sp3" op=">=" var2="0" />
                <data variable="tw_restore_sp3" />
                <image checked="checkbox_true" unchecked="checkbox_false" />
            </object>

			<object type="checkbox">
                <placement x="%col1_x%" y="725" />
                <font resource="font" color="%text_color%" />
                <text>Enable MD5 checking of backup files</text>
                <data variable="tw_skip_md5_check" />
                <image checked="checkbox_true" unchecked="checkbox_false" />
            </object>
			
            <object type="action">
                <touch key="home" />
                <action function="page">main</action>
            </object>

            <object type="action">
                <touch key="back" />
                <action function="page">restore</action>
            </object>
                        
            <object type="template" name="navigation" />
        </page>

        <page name="restore_run">
            <object type="template" name="status_bar" />

            <object type="text" color="%text_color%">
                <font resource="font" />
                <placement x="%col_textcenter_x%" y="440" placement="4" />
                <text>%tw_operation% %tw_partition%</text>
            </object>

            <object type="progressbar">
                <placement x="%col_progressbar_x%" y="470" />
                <resource  empty="progress_empty" full="progress_full" />
                <data name="ui_progress" />
            </object>

            <object type="animation">
                <placement x="%col_progressbar_x%" y="470" />
                <resource name="progress" />
                <speed fps="15" render="2" />
                <loop frame="1" />
            </object>

            <object type="action">
                <condition var1="tw_operation_state" var2="1" />
                <action function="page">restore_done</action>
            </object>

            <object type="action">
                <action function="nandroid">restore</action>
            </object>
                        
            <object type="template" name="navigation" />
        </page>

        <page name="restore_done">
            <object type="action">
                <condition var1="tw_operation_status" var2="0" />
                <action function="page">restore_success</action>
            </object>

            <object type="action">
                <condition var1="tw_operation_status" var2="1" />
                <action function="page">restore_failed</action>
            </object>
        </page>

        <page name="restore_success">
            <object type="template" name="status_bar" />

            <object type="text" color="%text_color%">
                <font resource="font" />
                <placement x="%col_textcenter_x%" y="440" placement="4" />
                <text>Your restore was successful!</text>
            </object>

            <object type="button">
                <placement x="%col_center_x%" y="570" />
                <font resource="font" color="%button_text_color%" />
                <text>Main Menu</text>
                <image resource="main_button" />
                <action function="page">main</action>
            </object>
			
			<object type="action">
                <touch key="home" />
                <action function="page">main</action>
            </object>

            <object type="action">
                <touch key="back" />
                <action function="page">restore_select</action>
            </object>
                        
            <object type="template" name="navigation" />
        </page>

        <page name="restore_failed">
            <object type="template" name="status_bar" />

            <object type="text" color="%text_color%">
                <font resource="font" />
                <placement x="%col_textcenter_x%" y="440" placement="4" />
                <text>Your restore failed.</text>
            </object>

            <object type="text" color="%text_color%">
                <font resource="font" />
                <placement x="%col_textcenter_x%" y="475" placement="4" />
                <text>Pull up the console for more details</text>
            </object>

            <object type="button">
                <placement x="%col_center_x%" y="570" />
                <font resource="font" color="%button_text_color%" />
                <text>Main Menu</text>
                <image resource="main_button" />
                <action function="page">main</action>
            </object>
			
			<object type="action">
                <touch key="home" />
                <action function="page">main</action>
            </object>

            <object type="action">
                <touch key="back" />
                <action function="page">restore_select</action>
            </object>
                        
            <object type="template" name="navigation" />
        </page>

        <page name="mount">
            <object type="template" name="status_bar" />

            <object type="button">
                <placement x="%col1_x%" y="%row1_y%" />
                <font resource="font" color="%text_color%" />
                <condition var1="mounted" op="!=" var2="/system" />
                <text>Mount System</text>
                <image resource="checkbox_false" />
                <action function="mount">/system</action>
            </object>

            <object type="button">
                <placement x="%col1_x%" y="%row1_y%" />
                <font resource="font" color="%text_color%" />
                <condition var1="mounted" op="=" var2="/system" />
                <text>Unmount System</text>
                <image resource="checkbox_true" />
                <action function="umount">/system</action>
            </object>

            <object type="button">
                <placement x="%col1_x%" y="160" />
                <font resource="font" color="%text_color%" />
                <condition var1="mounted" op="!=" var2="/data" />
                <text>Mount Data</text>
                <image resource="checkbox_false" />
                <action function="mount">/data</action>
            </object>

            <object type="button">
                <placement x="%col1_x%" y="160" />
                <font resource="font" color="%text_color%" />
                <condition var1="mounted" op="=" var2="/data" />
                <text>Unmount Data</text>
                <image resource="checkbox_true" />
                <action function="umount">/data</action>
            </object>

            <object type="button">
                <placement x="%col1_x%" y="200" />
                <font resource="font" color="%text_color%" />
                <condition var1="mounted" op="!=" var2="/cache" />
                <text>Mount Cache</text>
                <image resource="checkbox_false" />
                <action function="mount">/cache</action>
            </object>

            <object type="button">
                <placement x="%col1_x%" y="200" />
                <font resource="font" color="%text_color%" />
                <condition var1="mounted" op="=" var2="/cache" />
                <text>Unmount Cache</text>
                <image resource="checkbox_true" />
                <action function="umount">/cache</action>
            </object>
			
			<object type="button">
                <placement x="%col1_x%" y="240" />
                <font resource="font" color="%text_color%" />
                <condition var1="mounted" op="!=" var2="/sdcard" />
                <text>Mount SDCard</text>
                <image resource="checkbox_false" />
                <action function="mount">/sdcard</action>
            </object>

            <object type="button">
                <placement x="%col1_x%" y="240" />
                <font resource="font" color="%text_color%" />
                <condition var1="mounted" op="=" var2="/sdcard" />
                <text>Unmount SDCard</text>
                <image resource="checkbox_true" />
                <action function="umount">/sdcard</action>
            </object>
			
			<object type="button">
                <placement x="%col1_x%" y="280" />
                <font resource="font" color="%text_color%" />
                <condition var1="mounted" op="!=" var2="/sd-ext" />
                <text>Mount SD-Ext</text>
                <image resource="checkbox_false" />
                <action function="mount">/sd-ext</action>
            </object>

            <object type="button">
                <placement x="%col1_x%" y="280" />
                <font resource="font" color="%text_color%" />
                <condition var1="mounted" op="=" var2="/sd-ext" />
                <text>Unmount SD-Ext</text>
                <image resource="checkbox_true" />
                <action function="umount">/sd-ext</action>
            </object>
			
			<object type="button">
				<conditions>
					<condition var1="tw_boot_is_mountable" var2="1" />
					<condition var1="mounted" op="!=" var2="/boot" />
				</conditions>
                <placement x="%col1_x%" y="320" />
                <font resource="font" color="#A0A0A0" />
                <text>   Mount Boot</text>
                <image resource="checkbox_false" />
                <action function="mount">/boot</action>
            </object>

            <object type="button">
				<conditions>
					<condition var1="tw_boot_is_mountable" var2="1" />
					<condition var1="mounted" op="=" var2="/boot" />
				</conditions>
                <placement x="%col1_x%" y="320" />
                <font resource="font" color="#A0A0A0" />
                <text>   Unmount Boot</text>
                <image resource="checkbox_true" />
                <action function="umount">/boot</action>
            </object>

            <object type="button">
                <placement x="%col1_x%" y="%row3_y%" />
                <font resource="font" color="%button_text_color%" />
                <text>Mount USB Storage</text>
                <image resource="main_button" />
                <action function="page">usb_mount</action>
            </object>

            <object type="action">
                <touch key="home" />
                <action function="page">main</action>
            </object>

            <object type="action">
                <touch key="back" />
                <action function="page">main</action>
            </object>
                        
            <object type="template" name="navigation" />
        </page>

        <page name="usb_mount">
            <object type="template" name="status_bar" />

            <object type="button">
                <placement x="%col1_x%" y="%row1_y%" />
                <font resource="font" color="%button_text_color%" />
                <text>Unmount</text>
                <image resource="main_button" />
                <action function="page">usb_umount</action>
            </object>

            <object type="action">
                <action function="mount">usb</action>
            </object>
                        
            <object type="template" name="navigation" />
        </page>

        <page name="usb_umount">
            <object type="action">
                <action function="unmount">usb</action>
            </object>

            <object type="action">
                <action function="page">mount</action>
            </object>
        </page>

        <page name="reboot">
            <background color="black" />

            <object type="action">
                <actions>
                    <action function="set">title=Reboot</action>
                    <action function="set">back_allowed=1</action>
                </actions>
            </object>

            <object type="image">
                <image resource="background" />
                <placement x="0" y="0" />
            </object>

            <object type="template" name="status_bar" />

            <object type="button">
                <placement x="%col1_x%" y="%row1_y%" />
                <font resource="font" color="white" />
                <text>Reboot</text>
                <icon resource="reboot" />
                <image resource="button_160" />
                <condition var1="tw_reboot_system" var2="1" />
                <action function="reboot">system</action>
            </object>

            <object type="button">
                <placement x="%col2_x%" y="%row1_y%" />
                <font resource="font" color="white" />
                <text>Reboot</text>
                <icon resource="reboot" />
                <image resource="button_160" />
                <condition var1="tw_reboot_poweroff" var2="1" />
                <action function="reboot">poweroff</action>
            </object>

            <object type="button">
                <placement x="%col1_x%" y="%row2_y%" />
                <font resource="font" color="white" />
                <text>Recovery</text>
                <icon resource="reboot" />
                <image resource="button_160" />
                <condition var1="tw_reboot_recovery" var2="1" />
                <action function="reboot">recovery</action>
            </object>

            <object type="button">
                <placement x="%col2_x%" y="%row2_y%" />
                <font resource="font" color="white" />
                <text>Bootloader</text>
                <icon resource="reboot" />
                <image resource="button_160" />
                <condition var1="tw_reboot_bootloader" var2="1" />
                <action function="reboot">bootloader</action>
            </object>

            <object type="action">
                <touch key="home" />
                <action function="page">main</action>
            </object>

            <object type="action">
                <touch key="back" />
                <action function="page">main</action>
            </object>
                        
            <object type="template" name="navigation" />
        </page>

        <page name="settings">
            <object type="template" name="status_bar" />

            <object type="checkbox">
                <placement x="%col1_x%" y="%row1_y%" />
                <font resource="font" color="%text_color%" />
                <text>Zip file signature verification?</text>
                <data variable="tw_signed_zip_verify" />
                <image checked="checkbox_true" unchecked="checkbox_false" />
            </object>
			
			<object type="checkbox">
                <placement x="%col1_x%" y="160" />
                <font resource="font" color="%text_color%" />
                <text>Force MD5 check on all zips?</text>
                <data variable="tw_force_md5_check" />
                <image checked="checkbox_true" unchecked="checkbox_false" />
            </object>
			
			<object type="checkbox">
                <placement x="%col1_x%" y="200" />
                <font resource="font" color="%text_color%" />
                <text>Use rm -rf instead of formatting?</text>
                <data variable="tw_rm_rf" />
                <image checked="checkbox_true" unchecked="checkbox_false" />
            </object>
			
			<object type="checkbox">
                <placement x="%col1_x%" y="240" />
                <font resource="font" color="%text_color%" />
                <text>Ignore MD5 check on restore</text>
                <data variable="tw_skip_md5_check" />
                <image checked="checkbox_true" unchecked="checkbox_false" />
            </object>

            <object type="checkbox">
                <placement x="%col1_x%" y="280" />
                <font resource="font" color="%text_color%" />
                <text>Skip MD5 generation on backups</text>
                <data variable="tw_skip_md5_generate" />
                <image checked="checkbox_true" unchecked="checkbox_false" />
            </object>
			
			<object type="button">
                <placement x="%col1_x%" y="%row3_y%" />
                <font resource="font" color="%button_text_color%" />
                <text>Time Zone</text>
                <image resource="main_button" />
                <action function="page">timezonemain</action>
            </object>
			
			<object type="button">
                <placement x="%col_center_x%" y="%row4_y%" />
                <font resource="font" color="%button_text_color%" />
                <text>Restore Defaults</text>
                <image resource="main_button" />
                <action function="restoredefaultsettings"></action>
            </object>
			
            <object type="action">
                <touch key="home" />
                <action function="page">main</action>
            </object>

            <object type="action">
                <touch key="back" />
                <action function="page">main</action>
            </object>
                        
            <object type="template" name="navigation" />
        </page>
		
		<page name="timezonemain">
            <object type="template" name="status_bar" />

            <object type="button">
                <placement x="%col1_x%" y="%row1_y%" />
                <font resource="font" color="%button_text_color%" />
                <text>Minus (GMT 0 to -11)</text>
                <image resource="main_button" />
                <action function="page">timezoneminus</action>
            </object>

            <object type="button">
                <placement x="%col2_x%" y="%row1_y%" />
                <font resource="font" color="%button_text_color%" />
                <text>Plus (GMT +1 to +12)</text>
                <image resource="main_button" />
                <action function="page">timezoneplus</action>
            </object>

            <object type="action">
                <touch key="home" />
                <action function="page">main</action>
            </object>

            <object type="action">
                <touch key="back" />
                <action function="page">settings</action>
            </object>
                        
            <object type="template" name="navigation" />
        </page>
		
		<page name="timezoneminus">
            <object type="template" name="status_bar" />
			
			<object type="text" color="%text_color%">
                <font resource="font" />
                <placement x="%col1_x%" y="100" />
                <text>Selected: %tw_time_zone_guisel%</text>
            </object>
			
            <object type="button">
                <placement x="%col1_medium_x%" y="%row1_medium_y%" />
                <font resource="font" color="%button_text_color%" />
                <text>GMT 0 CUT</text>
                <image resource="medium_button" />
                <action function="set">tw_time_zone_guisel=CUT0;GDT</action>
            </object>
			
			<object type="button">
                <placement x="%col2_medium_x%" y="%row1_medium_y%" />
                <font resource="font" color="%button_text_color%" />
                <text>GMT 0</text>
                <image resource="medium_button" />
                <action function="set">tw_time_zone_guisel=GMT0;BST</action>
            </object>
			
			<object type="button">
                <placement x="%col3_medium_x%" y="%row1_medium_y%" />
                <font resource="font" color="%button_text_color%" />
                <text>AZOREST -1</text>
                <image resource="medium_button" />
                <action function="set">tw_time_zone_guisel=AZOREST1;AZOREDT</action>
            </object>
			
			<object type="button">
                <placement x="%col4_medium_x%" y="%row1_medium_y%" />
                <font resource="font" color="%button_text_color%" />
                <text>FALKST -2</text>
                <image resource="medium_button" />
                <action function="set">tw_time_zone_guisel=FALKST2;FALKDT</action>
            </object>
			
			<object type="button">
                <placement x="%col1_medium_x%" y="%row2_medium_y%" />
                <font resource="font" color="%button_text_color%" />
                <text>GRNLND -3</text>
                <image resource="medium_button" />
                <action function="set">tw_time_zone_guisel=GRNLNDST3;GRNLNDDT</action>
            </object>
			
			<object type="button">
                <placement x="%col2_medium_x%" y="%row2_medium_y%" />
                <font resource="font" color="%button_text_color%" />
                <text>AST -4</text>
                <image resource="medium_button" />
                <action function="set">tw_time_zone_guisel=AST4;ADT</action>
            </object>
			
			<object type="button">
                <placement x="%col3_medium_x%" y="%row2_medium_y%" />
                <font resource="font" color="%button_text_color%" />
                <text>EST -5</text>
                <image resource="medium_button" />
                <action function="set">tw_time_zone_guisel=EST5;EDT</action>
            </object>
			
			<object type="button">
                <placement x="%col4_medium_x%" y="%row2_medium_y%" />
                <font resource="font" color="%button_text_color%" />
                <text>CST -6</text>
                <image resource="medium_button" />
                <action function="set">tw_time_zone_guisel=CST6;CDT</action>
            </object>
			
			<object type="button">
                <placement x="%col1_medium_x%" y="%row3_medium_y%" />
                <font resource="font" color="%button_text_color%" />
                <text>MST -7</text>
                <image resource="medium_button" />
                <action function="set">tw_time_zone_guisel=MST7;MDT</action>
            </object>
			
			<object type="button">
                <placement x="%col2_medium_x%" y="%row3_medium_y%" />
                <font resource="font" color="%button_text_color%" />
                <text>PST -8</text>
                <image resource="medium_button" />
                <action function="set">tw_time_zone_guisel=PST8;PDT</action>
            </object>
			
			<object type="button">
                <placement x="%col3_medium_x%" y="%row3_medium_y%" />
                <font resource="font" color="%button_text_color%" />
                <text>AST -9</text>
                <image resource="medium_button" />
                <action function="set">tw_time_zone_guisel=AST9;ADT</action>
            </object>
			
			<object type="button">
                <placement x="%col4_medium_x%" y="%row3_medium_y%" />
                <font resource="font" color="%button_text_color%" />
                <text>HST -10</text>
                <image resource="medium_button" />
                <action function="set">tw_time_zone_guisel=HST10;HDT</action>
            </object>
			
			<object type="button">
                <placement x="%col1_medium_x%" y="%row4_medium_y%" />
                <font resource="font" color="%button_text_color%" />
                <text>BST -11</text>
                <image resource="medium_button" />
                <action function="set">tw_time_zone_guisel=BST11;BDT</action>
            </object>
			
			<object type="checkbox">
                <placement x="%col1_x%" y="%row5_medium_y%" />
                <font resource="font" color="%text_color%" />
                <text>Do you use daylight savings time (DST)?</text>
                <data variable="tw_time_zone_guidst" />
                <image checked="checkbox_true" unchecked="checkbox_false" />
            </object>
			
			<object type="text" color="%text_color%">
                <font resource="font" />
                <placement x="%col1_x%" y="535" />
                <text>Offset (usually 0): %tw_time_zone_guioffset%</text>
            </object>
			
			<object type="button">
                <placement x="%col1_medium_x%" y="460" />
                <font resource="font" color="%button_text_color%" />
                <text>None</text>
                <image resource="medium_button" />
                <action function="set">tw_time_zone_guioffset=0</action>
            </object>
			
			<object type="button">
                <placement x="%col2_medium_x%" y="460" />
                <font resource="font" color="%button_text_color%" />
                <text>15</text>
                <image resource="medium_button" />
                <action function="set">tw_time_zone_guioffset=15</action>
            </object>
			
			<object type="button">
                <placement x="%col3_medium_x%" y="460" />
                <font resource="font" color="%button_text_color%" />
                <text>30</text>
                <image resource="medium_button" />
                <action function="set">tw_time_zone_guioffset=30</action>
            </object>
			
			<object type="button">
                <placement x="%col4_medium_x%" y="460" />
                <font resource="font" color="%button_text_color%" />
                <text>45</text>
                <image resource="medium_button" />
                <action function="set">tw_time_zone_guioffset=45</action>
            </object>
			
			<object type="button">
                <placement x="%col_center_x%" y="565" />
                <font resource="font" color="%button_text_color%" />
                <text>Set Time Zone</text>
                <image resource="main_button" />
                <action function="setguitimezone"></action>
            </object>
			
			<object type="text" color="%text_color%">
                <font resource="font" />
                <placement x="%col1_x%" y="720" />
                <text>Current Time Zone: %tw_time_zone%</text>
            </object>
			
            <object type="action">
                <touch key="home" />
                <action function="page">main</action>
            </object>

            <object type="action">
                <touch key="back" />
                <action function="page">timezonemain</action>
            </object>
                        
            <object type="template" name="navigation" />
        </page>
		
		<page name="timezoneplus">
            <object type="template" name="status_bar" />
			
			<object type="text" color="%text_color%">
                <font resource="font" />
                <placement x="%col1_x%" y="100" />
                <text>Selected: %tw_time_zone_guisel%</text>
            </object>
			
            <object type="button">
                <placement x="%col1_medium_x%" y="%row1_medium_y%" />
                <font resource="font" color="%button_text_color%" />
                <text>NFT +1</text>
                <image resource="medium_button" />
                <action function="set">tw_time_zone_guisel=NFT-1;DFT</action>
            </object>
			
			<object type="button">
                <placement x="%col2_medium_x%" y="%row1_medium_y%" />
                <font resource="font" color="%button_text_color%" />
                <text>USAST +2</text>
                <image resource="medium_button" />
                <action function="set">tw_time_zone_guisel=USAST-2;USADT</action>
            </object>
			
			<object type="button">
                <placement x="%col3_medium_x%" y="%row1_medium_y%" />
                <font resource="font" color="%button_text_color%" />
                <text>WET +2</text>
                <image resource="medium_button" />
                <action function="set">tw_time_zone_guisel=WET-2;WET</action>
            </object>
			
			<object type="button">
                <placement x="%col4_medium_x%" y="%row1_medium_y%" />
                <font resource="font" color="%button_text_color%" />
                <text>SAUST +3</text>
                <image resource="medium_button" />
                <action function="set">tw_time_zone_guisel=SAUST-3;SAUDT</action>
            </object>
			
			<object type="button">
                <placement x="%col1_medium_x%" y="%row2_medium_y%" />
                <font resource="font" color="%button_text_color%" />
                <text>MEST +3</text>
                <image resource="medium_button" />
                <action function="set">tw_time_zone_guisel=MEST-3;MEDT</action>
            </object>
			
			<object type="button">
                <placement x="%col2_medium_x%" y="%row2_medium_y%" />
                <font resource="font" color="%button_text_color%" />
                <text>WST +4</text>
                <image resource="medium_button" />
                <action function="set">tw_time_zone_guisel=WST-4;WDT</action>
            </object>
			
			<object type="button">
                <placement x="%col3_medium_x%" y="%row2_medium_y%" />
                <font resource="font" color="%button_text_color%" />
                <text>PAKST +5</text>
                <image resource="medium_button" />
                <action function="set">tw_time_zone_guisel=PAKST-5;PAKDT</action>
            </object>
			
			<object type="button">
                <placement x="%col4_medium_x%" y="%row2_medium_y%" />
                <font resource="font" color="%button_text_color%" />
                <text>TASHST +6</text>
                <image resource="medium_button" />
                <action function="set">tw_time_zone_guisel=TASHST-6;TASHDT</action>
            </object>
			
			<object type="button">
                <placement x="%col1_medium_x%" y="%row3_medium_y%" />
                <font resource="font" color="%button_text_color%" />
                <text>THAIST +7</text>
                <image resource="medium_button" />
                <action function="set">tw_time_zone_guisel=THAIST-7;THAIDT</action>
            </object>
			
			<object type="button">
                <placement x="%col2_medium_x%" y="%row3_medium_y%" />
                <font resource="font" color="%button_text_color%" />
                <text>TAIST +8</text>
                <image resource="medium_button" />
                <action function="set">tw_time_zone_guisel=TAIST-8;TAIDT</action>
            </object>
			
			<object type="button">
                <placement x="%col3_medium_x%" y="%row3_medium_y%" />
                <font resource="font" color="%button_text_color%" />
                <text>WAUST +8</text>
                <image resource="medium_button" />
                <action function="set">tw_time_zone_guisel=WAUST-8;WAUDT</action>
            </object>
			
			<object type="button">
                <placement x="%col4_medium_x%" y="%row3_medium_y%" />
                <font resource="font" color="%button_text_color%" />
                <text>KORST +9</text>
                <image resource="medium_button" />
                <action function="set">tw_time_zone_guisel=KORST-9;KORDT</action>
            </object>
			
			<object type="button">
                <placement x="%col1_medium_x%" y="%row4_medium_y%" />
                <font resource="font" color="%button_text_color%" />
                <text>JST +9</text>
                <image resource="medium_button" />
                <action function="set">tw_time_zone_guisel=JST-9;JSTDT</action>
            </object>
			
			<object type="button">
                <placement x="%col2_medium_x%" y="%row4_medium_y%" />
                <font resource="font" color="%button_text_color%" />
                <text>EET +10</text>
                <image resource="medium_button" />
                <action function="set">tw_time_zone_guisel=EET-10;EETDT</action>
            </object>
			
			<object type="button">
                <placement x="%col3_medium_x%" y="%row4_medium_y%" />
                <font resource="font" color="%button_text_color%" />
                <text>MET +11</text>
                <image resource="medium_button" />
                <action function="set">tw_time_zone_guisel=MET-11;METDT</action>
            </object>
			
			<object type="button">
                <placement x="%col4_medium_x%" y="%row4_medium_y%" />
                <font resource="font" color="%button_text_color%" />
                <text>NZST +12</text>
                <image resource="medium_button" />
                <action function="set">tw_time_zone_guisel=NZST-12;NZDT</action>
            </object>
			
			<object type="checkbox">
                <placement x="%col1_x%" y="%row5_medium_y%" />
                <font resource="font" color="%text_color%" />
                <text>Do you use daylight savings time (DST)?</text>
                <data variable="tw_time_zone_guidst" />
                <image checked="checkbox_true" unchecked="checkbox_false" />
            </object>
			
			<object type="text" color="%text_color%">
                <font resource="font" />
                <placement x="%col1_x%" y="535" />
                <text>Offset (usually 0): %tw_time_zone_guioffset%</text>
            </object>
			
			<object type="button">
                <placement x="%col1_medium_x%" y="460" />
                <font resource="font" color="%button_text_color%" />
                <text>None</text>
                <image resource="medium_button" />
                <action function="set">tw_time_zone_guioffset=0</action>
            </object>
			
			<object type="button">
                <placement x="%col2_medium_x%" y="460" />
                <font resource="font" color="%button_text_color%" />
                <text>15</text>
                <image resource="medium_button" />
                <action function="set">tw_time_zone_guioffset=15</action>
            </object>
			
			<object type="button">
                <placement x="%col3_medium_x%" y="460" />
                <font resource="font" color="%button_text_color%" />
                <text>30</text>
                <image resource="medium_button" />
                <action function="set">tw_time_zone_guioffset=30</action>
            </object>
			
			<object type="button">
                <placement x="%col4_medium_x%" y="460" />
                <font resource="font" color="%button_text_color%" />
                <text>45</text>
                <image resource="medium_button" />
                <action function="set">tw_time_zone_guioffset=45</action>
            </object>
			
			<object type="button">
                <placement x="%col_center_x%" y="565" />
                <font resource="font" color="%button_text_color%" />
                <text>Set Time Zone</text>
                <image resource="main_button" />
                <action function="setguitimezone"></action>
            </object>
			
			<object type="text" color="%text_color%">
                <font resource="font" />
                <placement x="%col1_x%" y="720" />
                <text>Current Time Zone: %tw_time_zone%</text>
            </object>
			
            <object type="action">
                <touch key="home" />
                <action function="page">main</action>
            </object>

            <object type="action">
                <touch key="back" />
                <action function="page">timezonemain</action>
            </object>
                        
            <object type="template" name="navigation" />
        </page>
		
		<page name="advanced">
            <object type="template" name="status_bar" />

            <object type="button">
                <placement x="%col1_x%" y="%row1_y%" />
                <font resource="font" color="%button_text_color%" />
                <text>Copy Log to SD</text>
                <image resource="main_button" />
				<actions>
					<action function="copylog"></action>
					<action function="page">copylog_done</action>
				</actions>
            </object>
			
			<object type="button">
                <placement x="%col2_x%" y="%row1_y%" />
                <font resource="font" color="%button_text_color%" />
                <text>Fix Permissions</text>
                <image resource="main_button" />
                <action function="page">fixperms</action>
            </object>
			
			<object type="button">
                <condition var1="tw_allow_partition_sdcard" var2="1" />
                <placement x="%col1_x%" y="%row2_y%" />
                <font resource="font" color="%button_text_color%" />
                <text>Partition SD Card</text>
                <image resource="main_button" />
                <action function="page">partsdcard</action>
            </object>
			
            <object type="action">
                <touch key="home" />
                <action function="page">main</action>
            </object>

            <object type="action">
                <touch key="back" />
                <action function="page">main</action>
            </object>
                        
            <object type="template" name="navigation" />
        </page>
		
		<page name="copylog_done">
            <object type="template" name="status_bar" />

            <object type="text" color="%text_color%">
                <font resource="font" />
                <placement x="%col_textcenter_x%" y="540" placement="4" />
                <text>Log copied to SD card</text>
            </object>

            <object type="button">
                <placement x="%col_center_x%" y="550" />
                <font resource="font" color="%button_text_color%" />
                <text>Back</text>
                <image resource="main_button" />
                <action function="page">advanced</action>
            </object>

            <object type="action">
                <touch key="home" />
                <action function="page">main</action>
            </object>

            <object type="action">
                <touch key="back" />
                <action function="page">advanced</action>
            </object>
                        
            <object type="template" name="navigation" />
        </page>

		<page name="partsdcard">
            <object type="template" name="status_bar" />

            <object type="button">
                <placement x="%col1_x%" y="%row1_y%" />
                <image resource="minus_button" />
                <action function="addsubtract">tw_sdext_size-128</action>
            </object>
			
			<object type="button">
                <placement x="250" y="%row1_y%" />
                <image resource="plus_button" />
                <action function="addsubtract">tw_sdext_size+128</action>
            </object>
			
			<object type="text" color="%text_color%">
				<font resource="font" />
				<placement x="84" y="130" />
				<text>EXT Size: %tw_sdext_size%</text>
			</object>
			
			<object type="button">
                <placement x="%col1_x%" y="180" />
                <image resource="minus_button" />
                <action function="addsubtract">tw_swap_size-32</action>
            </object>
			
			<object type="button">
                <placement x="250" y="180" />
                <image resource="plus_button" />
                <action function="addsubtract">tw_swap_size+32</action>
            </object>
			
			<object type="text" color="%text_color%">
				<font resource="font" />
				<placement x="84" y="190" />
				<text>Swap Size: %tw_swap_size%</text>
			</object>
			
			<object type="text" color="%text_color%">
				<font resource="font" />
				<placement x="%col1_x%" y="240" />
				<text>File system: %tw_sdpart_file_system%</text>
			</object>
			
			<object type="button">
                <placement x="%col1_x%" y="280" />
                <font resource="font" color="%button_text_color%" />
                <text>EXT3</text>
                <image resource="main_button" />
                <action function="set">tw_sdpart_file_system=ext3</action>
            </object>
			
			<object type="button">
                <placement x="%col2_x%" y="280" />
                <font resource="font" color="%button_text_color%" />
                <text>EXT4</text>
                <image resource="main_button" />
                <action function="set">tw_sdpart_file_system=ext4</action>
            </object>
			
			<object type="text" color="%text_color%">
				<font resource="font" />
				<placement x="%col1_x%" y="460" />
				<text>You will lose all files on your SD card!</text>
			</object>
			
			<object type="text" color="%text_color%">
				<font resource="font" />
				<placement x="%col1_x%" y="500" />
				<text>This action cannot be undone!</text>
			</object>
			
			<object type="button">
                <condition var1="tw_allow_partition_sdcard" var2="1" />
                <placement x="%col_center_x%" y="540" />
                <font resource="font" color="%button_text_color%" />
                <text>Partition SD</text>
                <image resource="main_button" />
                <action function="page">partsdcardaction</action>
            </object>
			
            <object type="action">
                <touch key="home" />
                <action function="page">main</action>
            </object>

            <object type="action">
                <touch key="back" />
                <action function="page">advanced</action>
            </object>
                        
            <object type="template" name="navigation" />
        </page>
		
		<page name="partsdcardaction">
            <object type="template" name="status_bar" />

            <object type="text" color="%text_color%">
				<font resource="font" />
				<placement x="%col1_x%" y="%row1_y%" />
				<text>Partitioning SD Card . . .</text>
			</object>
			
			<object type="text" color="%text_color%">
				<font resource="font" />
				<placement x="%col1_x%" y="150" />
				<text>This may take a couple minutes.</text>
			</object>
			
			<object type="text" color="%text_color%">
				<font resource="font" />
				<placement x="%col1_x%" y="180" />
				<text>The progress bar may not be accurate.</text>
			</object>
			
			<object type="action">
                <action function="partitionsd"></action>
            </object>
			
			<object type="progressbar">
                <placement x="%col_progressbar_x%" y="%row_progressbar_y%" />
                <resource  empty="progress_empty" full="progress_full" />
                <data name="ui_progress" />
            </object>

            <object type="animation">
                <placement x="%col_progressbar_x%" y="%row_progressbar_y%" />
                <resource name="progress" />
                <speed fps="15" render="2" />
                <loop frame="1" />
            </object>

            <object type="action">
                <condition var1="tw_operation_state" var2="1" />
				<action function="page">partsdcard_done</action>
            </object>
                        
            <object type="template" name="navigation" />
        </page>
		
		<page name="partsdcard_done">
            <object type="template" name="status_bar" />

            <object type="text" color="%text_color%">
                <font resource="font" />
                <placement x="%col_textcenter_x%" y="540" placement="4" />
                <text>Paritioning complete</text>
            </object>

            <object type="button">
                <placement x="%col_center_x%" y="550" />
                <font resource="font" color="%button_text_color%" />
                <text>Back</text>
                <image resource="main_button" />
                <action function="page">partsdcard</action>
            </object>

            <object type="action">
                <touch key="home" />
                <action function="page">main</action>
            </object>

            <object type="action">
                <touch key="back" />
                <action function="page">partsdcard</action>
            </object>
                        
            <object type="template" name="navigation" />
        </page>
		
		<page name="fixperms">
            <object type="template" name="status_bar" />

            <object type="text" color="%text_color%">
				<font resource="font" />
				<placement x="%col1_x%" y="%row1_y%" />
				<text>Fixing Permissions . . .</text>
			</object>
			
			<object type="text" color="%text_color%">
				<font resource="font" />
				<placement x="%col1_x%" y="150" />
				<text>This may take several minutes.</text>
			</object>
			
			<object type="text" color="%text_color%">
				<font resource="font" />
				<placement x="%col1_x%" y="180" />
				<text>The progress bar may not be accurate.</text>
			</object>
			
			<object type="action">
                <action function="fixpermissions"></action>
            </object>
			
			<object type="progressbar">
                <placement x="%col_progressbar_x%" y="%row_progressbar_y%" />
                <resource  empty="progress_empty" full="progress_full" />
                <data name="ui_progress" />
            </object>

            <object type="animation">
                <placement x="%col_progressbar_x%" y="%row_progressbar_y%" />
                <resource name="progress" />
                <speed fps="15" render="2" />
                <loop frame="1" />
            </object>

            <object type="action">
                <condition var1="tw_operation_state" var2="1" />
                <action function="page">fixperms_done</action>
            </object>
                        
            <object type="template" name="navigation" />
        </page>
		
		<page name="fixperms_done">
            <object type="template" name="status_bar" />

            <object type="text" color="%text_color%">
                <font resource="font" />
                <placement x="%col_textcenter_x%" y="540" placement="4" />
                <text>Fix permissions complete</text>
            </object>

            <object type="button">
                <placement x="%col_center_x%" y="550" />
                <font resource="font" color="%button_text_color%" />
                <text>Back</text>
                <image resource="main_button" />
                <action function="page">advanced</action>
            </object>

            <object type="action">
                <touch key="home" />
                <action function="page">main</action>
            </object>

            <object type="action">
                <touch key="back" />
                <action function="page">advanced</action>
            </object>
                        
            <object type="template" name="navigation" />
        </page>
    </pages>
</recovery>

